vaccine_time,vaccine_amount,A1-R1,A1-R2,A2-R1,A2-R2,A3-R1,A3-R2,A4-R1,A4-R2,A5-R1,A5-R2
1/10/21,0.022678,0,0,0,0,42149.1618,7793.344,14258.93,6258.823,32974.9662,26065.1272
1/11/21,0.001362,0,0,0,0,2532.0052,468.176,856.5732,375.9813,1980.8943,1565.7894
1/12/21,0.000068,0,0,0,0,126.0032,23.2928,42.6132,18.7224,98.571,77.924
1/13/21,0.001359,0,0,0,0,2525.1358,466.9,854.259,374.9591,1975.5351,1561.539
1/14/21,0.003048,0,0,0,0,5665.7142,1047.596,1916.6896,841.3244,4432.505,3503.682
1/15/21,0,0,0,0,0,0,0,0,0,0,0
1/16/21,0,0,0,0,0,0,0,0,0,0,0
1/17/21,0.003781,0,0,0,0,7026.8612,1299.2696,2377.1622,1043.4241,5497.3908,4345.4222
1/18/21,0.004099,0,0,0,0,7617.437,1408.4488,2576.9548,1131.1181,5959.4304,4710.6346
1/19/21,0.000607,0,0,0,0,1128.85,208.7304,381.8962,167.6139,883.1515,698.096
1/21/21,0.002019,0,0,0,0,3751.7196,693.68,1269.1924,557.099,2935.119,2320.0744
1/22/21,0.001797,0,0,0,0,3339.4272,617.468,1129.7286,495.8746,2612.5781,2065.1148
1/23/21,0.002965,0,0,0,0,5510.9922,1018.9904,1864.3674,818.3518,4311.4764,3408.0158
1/24/21,0,0,0,0,0,0,0,0,0,0,0
1/25/21,0.002965,0,0,0,0,5510.9922,1018.9904,1864.3674,818.3518,4311.4764,3408.0158
1/26/21,0.000226,0,0,0,0,420.8524,77.8128,142.3632,62.4887,329.2399,260.2726
1/27/21,0.001848,0,0,0,0,3433.7156,634.8912,1161.622,509.8895,2686.3309,2123.429
1/28/21,0.001536,0,0,0,0,1165.4012,1904.7432,394.2386,1529.6954,2233.7018,1765.6226
1/29/21,0.002057,0,0,0,0,0,3821.4344,0,3068.9941,2990.5612,2363.8986
1/30/21,0.002057,0,0,0,0,0,3821.4344,0,3068.9941,2990.5612,2363.8986
1/31/21,0,0,0,0,0,0,0,0,0,0,0
2/1/21,0.002057,0,0,0,0,0,3821.4344,0,3068.9941,2990.5612,2363.8986
2/2/21,0.001026,0,0,0,0,0,1906.576,0,1531.1749,1492.0268,1179.3894
2/3/21,0.001026,0,0,0,0,0,1906.576,0,1531.1749,1492.0268,1179.3894
2/4/21,0.001433,0,0,0,0,0,2662.3624,0,2138.1465,2083.4847,1646.9012
2/5/21,0.002489,0,0,0,0,0,4623.7832,0,3713.3567,3618.4489,2860.1972
2/6/21,0.004071,0,0,0,0,0,7564.6152,0,6075.1498,5919.8425,4679.3684
2/7/21,0,0,0,0,0,0,0,0,0,0,0
2/8/21,0.004071,0,0,0,0,0,7564.6152,0,6075.1498,5919.8425,4679.3684
2/9/21,0.000689,0,0,0,0,0,1280.1992,0,1028.118,1001.8514,791.8946
2/10/21,0.001635,0,0,0,0,0,3038.5272,0,2440.2335,2377.8579,1879.5784
2/11/21,0.001738,0,0,0,0,0,3230.0432,0,2594.0477,2527.7241,1998.0422
2/12/21,0.001738,0,0,0,0,0,3230.0432,0,2594.0477,2527.7241,1998.0422
2/13/21,0.003387,0,0,0,0,0,6293,0,5053.8913,4924.722,3892.7546
2/14/21,0,0,0,0,0,0,0,0,0,0,0
2/15/21,0.001805,0,0,0,0,0,3353.8616,0,2693.497,2624.6363,2074.646
2/16/21,0.000635,0,0,0,0,0,1179.9288,0,947.6063,923.3774,729.8774
2/17/21,0.000731,0,0,0,0,0,1359.0328,0,1091.4406,1063.546,840.6776
2/18/21,0.000745,0,0,0,0,0,1384.7384,0,1112.0729,1083.643,856.5844
2/19/21,0.000561,0,0,0,0,0,1043.1184,0,837.7198,816.321,645.2558
2/20/21,0.000561,0,0,0,0,0,1043.1184,0,837.7198,816.321,645.2558
2/21/21,0.000561,0,0,0,0,0,1043.1184,0,837.7198,816.321,645.2558
2/22/21,0.000516,0,0,0,0,0,958.856,0,770.0663,750.3837,593.124
2/23/21,0.001526,0,0,0,0,0,2834.5992,0,2276.4663,2218.2622,1753.4188
2/24/21,0.001841,0,0,0,0,0,3419.8424,0,2746.49,2676.2824,2115.4756
2/25/21,0.001809,0,0,0,0,0,3360.7288,0,2698.9846,2629.9955,2078.8964
2/26/21,0.002146,0,0,0,0,0,3987.1056,0,3202.0415,3120.2028,2466.359
2/27/21,0.005807,0,0,0,0,0,10789.5312,0,8665.0549,8443.5791,6674.2228
2/28/21,0,0,0,0,0,0,0,0,0,0,0
3/1/21,0.005807,0,0,0,0,0,10789.5312,0,8665.0549,8443.5791,6674.2228
3/2/21,0.00243,0,0,0,0,0,4514.0936,0,3625.2592,3532.606,2792.3518
3/3/21,0.008341,0,0,0,0,0,15498.5512,0,12446.899,12128.7309,9587.1636
3/4/21,0.002819,0,0,0,0,0,5237.3072,0,4206.084,4098.5758,3239.7064
3/5/21,0.001146,0,0,0,0,0,2192.7712,0,1761.0085,1583.2927,1251.5174
3/6/21,0.003276,0,0,0,0,0,6835.416,0,5489.5099,3785.6049,2992.3138
3/7/21,0.006809,0,0,0,0,0,14196.9384,0,11401.565,7882.4581,6230.7322
3/8/21,0,0,0,0,0,0,0,0,0,0,0
3/9/21,0.004844,0,0,0,0,0,10096.7328,0,8108.6822,5612.1989,4436.1618
3/10/21,0.013785,0,0,0,0,0,31958.812,0,25701.9547,11735.7229,9276.6268
3/11/21,0.005683,0,0,0,0,0,14277.9528,0,8687.1667,5256.6734,4155.1524
3/12/21,0,0,0,0,0,0,0,0,0,0,0
3/13/21,0.018816,0,0,0,0,0,44303.068,0,29347.1468,19309.2614,15263.0254
3/14/21,0.00596,0,0,0,0,0,15686.7032,0,9811.775,4499.3993,3556.5544
3/15/21,0.005028,0,0,0,0,0,13442.7528,0,8138.4067,3725.282,2944.6578
3/16/21,0.005523,0,0,0,0,0,14655.1152,0,8377.4401,4551.0454,3597.384
3/17/21,0.006015,0,0,0,0,14435.5198,0,6677.3448,2930.9702,4826.0234,3814.734
3/18/21,0.005329,0,0,0,0,12716.9714,0,6107.227,2680.7195,4150.5409,3280.7936
3/19/21,0.00612,0,0,0,0,14034.5908,0,7460.502,3274.7253,4811.9874,3803.625
3/20/21,0.006598,0,0,0,0,14909.8508,0,8911.0266,3911.4214,4534.6807,3584.4396
3/21/21,0.003126,0,0,0,0,0,0,18030.2514,0,0,0
3/22/21,0.006484,0,0,0,0,23028.2404,0,0,0,5901.7552,4665.0394
3/23/21,0.002203,0,0,0,0,0,0,12706.4476,0,0,0
3/24/21,0.006242,0,0,0,0,16543.4198,0,10975.7186,0,3003.0022,2373.7196
3/25/21,0.005602,0,0,0,0,12894.8696,0,12629.8662,0,2454.8007,1940.4042
3/26/21,0.005658,0,0,0,0,16345.7908,0,4504.5238,0,5252.0798,4151.5138
3/27/21,0.002089,0,0,0,0,7736.7206,0,0,0,1635.6725,1292.9266
3/28/21,0.002865,0,0,0,0,0,0,16524.4786,0,0,0
3/29/21,0.007415,0,0,0,0,23436.5096,0,7232.54,0,4308.2545,3405.472
3/30/21,0.003571,0,0,0,0,10051.58,0,5112.52,0,2010.8803,1589.4886
3/31/21,0.004203,0,0,0,0,10188.54,0,9184.0224,0,1610.1206,1272.7372
4/1/21,0.007244,0,0,0,0,25667.0102,0,6684.2076,0,2149.3901,1699.0008
4/2/21,0.005852,0,0,0,0,20448.9198,0,6010.0838,0,1564.6312,1236.7698
4/3/21,0.00451,0,0,0,0,19033.7806,0,0,0,1583.8031,1251.9038
4/4/21,0.00185,0,0,0,0,0,0,10669.659,0,0,0
4/5/21,0.009412,0,0,0,0,30906.8216,0,6160.1876,0,6528.9411,5160.7906
4/6/21,0.006465,0,0,0,0,20829.8398,0,6414.4038,0,3350.0742,2648.0636
4/7/21,0.006299,0,0,0,0,20245.0206,0,8604.1424,0,1721.5473,1360.8042
4/8/21,0.008868,0,0,0,0,31840.9102,0,7810.5314,0,2528.6492,1998.7828
4/9/21,0.007834,0,0,0,0,24213.8004,0,11372.83,0,2497.2277,1973.9244
4/10/21,0.009904,0,0,0,0,35418.0914,0,6790.0224,0,4241.7749,3352.9216
4/11/21,0.00719,0,0,0,0,27843.3902,0,3731.6076,0,2106.4527,1665.062
4/12/21,0.003665,0,0,0,0,12858.3398,0,3874.1038,0,863.3416,682.4146
4/13/21,0.004556,0,0,0,0,13613.1606,0,7460.3424,0,1274.3093,1007.2804
4/14/21,0.005596,0,0,0,0,23293.7502,0,0,0,2233.4785,1765.4616
4/15/21,0,0,0,0,0,0,0,0,0,0,0
4/16/21,0.063245,0,0,0,0,175290.8026,0,96211.8542,0,34089.1694,26945.8616
4/17/21,0,0,0,0,0,0,0,0,0,0,0
4/18/21,0.011066,0,0,0,0,38119.6702,0,12280.2624,0,2798.8103,2212.3332
4/19/21,0.003939,0,0,0,0,14807.8798,0,3313.9876,0,670.1233,529.69
4/20/21,0.002272,0,0,0,0,7372.1502,0,2597.8624,0,902.4191,713.3266
4/21/21,0.004794,0,0,0,0,16553.5206,0,4374.1838,0,1814.5996,1434.349
4/22/21,0.005248,0,0,0,0,18267.6606,0,5390.3038,0,1460.3501,1154.3378
4/23/21,0.004761,0,0,0,0,16621.701,0,4853.7552,0,1308.0276,1033.942
4/24/21,0,0,0,0,0,0,0,0,0,0,0
4/25/21,0.009334,0,0,0,0,31195.7216,0,10794.679,0,2866.7892,2266.0428
4/26/21,0.002183,0,0,0,0,7801.5198,0,2220.7276,0,451.8635,357.1624
4/27/21,0.002496,0,0,0,0,8711.0198,0,2534.6076,0,695.1648,549.493
4/28/21,0.002917,0,0,0,0,9896.5798,0,3274.0876,0,840.0865,664.0284
4/29/21,0,0,0,0,0,0,0,0,0,0,0
4/30/21,0,0,0,0,0,0,0,0,0,0,0
5/1/21,0.00782,0,0,0,0,22232.567,4110.7848,6133.4812,2692.2327,2668.1798,2109.0678
5/2/21,0.00149,0,0,0,0,1227.825,4110.7848,1248.737,548.1144,379.5143,300.0074
5/3/21,0.001498,0,0,0,0,1506.7954,4110.7848,1122.2008,492.5928,300.5618,237.5716
5/4/21,0.000945,0,0,0,0,3294.8296,0,681.1462,298.9935,252.5204,199.6078
5/5/21,0.002599,0,0,0,0,8422.1198,0,2103.1822,923.1811,1013.6225,801.2004
5/6/21,0.002349,0,0,0,0,8128.8114,0,1781.6148,782.0368,597.5189,472.3096
5/7/21,0.002918,0,0,0,0,9625.5702,0,2282.7056,1001.9712,1072.3823,847.665
5/8/21,0,0,0,0,0,0,0,0,0,0,0
5/9/21,0,0,0,0,0,0,0,0,0,0,0
5/10/21,0.004833,0,0,0,0,16569.2496,0,3719.4514,1632.6148,1309.814,1035.3588
5/11/21,0.001592,0,0,0,0,5618.1206,0,1048.8114,460.3666,469.249,370.9118
5/12/21,0.002061,0,0,0,0,6465.8816,0,1484.1736,651.4642,1156.4707,914.1258
5/13/21,0.002354,0,0,0,511.4349,7898.6544,0,1579.0824,693.1323,676.9818,535.1318
5/14/21,0.002059,0,0,0,292.95,6931.46,0,1482.0456,650.5496,574.2638,453.9556
5/15/21,0.002574,0,0,0,4065.309,6316.3812,0,1534.3412,673.4953,619.2428,489.4722
5/16/21,0,0,0,0,0,0,0,0,0,0,0
5/17/21,0.007803,0,0,0,12951.738,20270.4224,0,3866.31,1697.0941,1290.355,1019.9672
5/18/21,0.002294,0,0,0,4996.0251,5061.2284,0,1028.2762,451.3551,472.12,373.198
5/19/21,0.003582,0,0,0,8536.5351,7582.1484,0,1553.2006,681.7536,584.8227,462.2632
5/20/21,0.003561,0,0,0,7269.3171,8014.086,0,1717.562,753.8994,795.4584,628.7694
5/21/21,0,0,0,0,0,0,0,0,0,0,0
5/22/21,0.00505,0,0,3022.6635,4743,12731.5448,0,2556.5526,1122.1873,922.2609,729.008
5/23/21,0.00505,0,0,6677.6635,0,12731.5448,0,3666.1982,0,922.2609,729.008
5/24/21,0,0,0,0,0,0,0,0,0,0,0
5/25/21,0.004291,0,0,6342.285,0,10596.0388,0,2845.6946,0,597.2956,472.1486
5/26/21,0.002494,0,0,2386.93,0,6850.4824,0,2025.2974,0,597.9974,472.696
5/27/21,0.001479,0,0,1633.3765,0,4003.833,0,1093.5526,0,294.4689,232.7738
5/28/21,0.001479,0,0,1633.3765,0,4003.833,0,1093.5526,0,294.4689,232.7738
5/29/21,0.001479,0,0,1633.3765,0,4003.833,0,1093.5526,0,294.4689,232.7738
5/30/21,0.001479,0,0,1633.3765,0,4003.833,0,1093.5526,0,294.4689,232.7738
5/31/21,0.001479,0,0,1633.3765,0,4003.833,0,1093.5526,0,294.4689,232.7738
6/1/21,0.001479,0,0,1633.3765,0,4003.833,0,1093.5526,0,294.4689,232.7738
6/2/21,0.001479,0,0,1633.3765,0,4003.833,0,1093.5526,0,294.4689,232.7738
6/3/21,0.001479,0,0,1633.3765,0,4003.833,0,1093.5526,0,294.4689,232.7738
6/4/21,0.001479,0,0,1633.3765,0,4003.833,0,1093.5526,0,294.4689,232.7738
6/5/21,0.001479,0,0,1633.3765,0,4003.833,0,1093.5526,0,294.4689,232.7738
6/6/21,0.001479,0,0,1633.3765,0,4003.833,0,1093.5526,0,294.4689,232.7738
6/7/21,0.001479,0,0,1633.3765,0,4003.833,0,1093.5526,0,294.4689,232.7738
6/8/21,0.001479,0,0,1633.3765,0,4003.833,0,1093.5526,0,294.4689,232.7738
6/9/21,0.001479,0,0,1633.3765,0,4003.833,0,1093.5526,0,294.4689,232.7738
6/10/21,0.001479,0,0,1633.3765,0,4003.833,0,1093.5526,0,294.4689,232.7738
6/11/21,0.001479,0,0,1633.3765,0,4003.833,0,1093.5526,0,294.4689,232.7738
6/12/21,0.001479,0,0,1633.3765,0,4003.833,0,1093.5526,0,294.4689,232.7738
6/13/21,0.001479,0,0,1633.3765,0,4003.833,0,1093.5526,0,294.4689,232.7738
6/14/21,0.001479,0,0,1633.3765,0,4003.833,0,1093.5526,0,294.4689,232.7738
6/15/21,0.002095,0,0,1832.23,0,6420.3424,0,1416.1574,0,281.3261,222.3732
6/16/21,0.002307,0,0,1361.7885,0,6852.9648,0,2209.8482,0,600.2304,474.467
6/17/21,0.001836,0,0,1266.78,0,5164.1624,0,1727.3774,0,590.8518,467.0288
6/18/21,0.001432,0,0,1032,0,4316.38,0,1119.86,0,332.7489,263.0418
6/19/21,0.001039,0,0,820.87,0,3017.0576,0,834.2026,0,264.3234,208.9458
6/20/21,0.001239,0,0,961.265,0,3628.5412,0,1072.4854,0,250.7021,198.1588
6/21/21,0.000659,0,0,604.15,0,1932.42,0,500.08,0,100.1979,79.1798
6/22/21,0.00078,0,0,546.1,0,2330.46,0,678.3,0,166.3904,131.5048
6/23/21,0.000772,0,0,643.065,0,2190.4612,0,625.6054,0,205.9783,162.8032
6/24/21,0.001021,0,0,790.77,0,2942.1576,0,898.0426,0,239.2819,189.1428
6/25/21,0.001021,0,0,784.75,0,2903.98,0,829.92,0,320.2441,253.1242
6/26/21,0.001247,0,0,877.2,0,3595.2,0,1135.82,0,336.3536,265.8432
6/27/21,0.001118,0,0,787.115,0,3275.4412,0,1013.9654,0,263.2069,208.0442
6/28/21,0.000757,0,0,567.815,0,2267.5012,0,628.2654,0,146.9314,116.1454
6/29/21,0.000938,0,0,744.545,0,2573.8636,0,772.9428,0,345.9555,273.4746
6/30/21,0,0,0,0,0,0,0,0,0,0,0
7/1/21,0.002084,0,0,1878.4335,0,5803.8084,0,1700.671,0,525.7758,415.6054
7/2/21,0,0,0,0,0,0,0,0,0,0,0
7/3/21,0.001787,0,0,1499.8185,0,5055.7072,0,1540.5656,0,419.9954,331.982
7/4/21,0.000784,0,0,535.35,0,2354,0,704.9,0,155.6401,123.0362
7/5/21,0.000732,0,0,488.05,0,2223.46,0,704.9,0,100.1979,79.1798
7/6/21,0.000295,0,0,181.03,0,892.7224,0,275.0174,0,61.2799,48.4288
7/7/21,0,0,0,0,0,0,0,0,0,0,0
7/8/21,0.001563,0,0,1174.545,0,4681.7636,0,1270.3628,0,315.5548,249.4212
7/9/21,0.000974,0,0,939.55,0,2767.02,0,670.32,0,232.5829,183.8298
7/10/21,0.000902,0,0,763.035,0,2620.2588,0,712.3746,0,194.7814,153.9482
7/11/21,0.000795,0,0,718.1,0,2199.92,0,710.22,0,169.9632,134.3384
7/12/21,0.000697,0,0,528.9,0,2114.32,0,601.16,0,93.0204,73.5448
7/13/21,0.000689,0,0,456.23,0,2136.0624,0,572.9374,0,123.8996,97.9524
7/14/21,0.000826,0,0,632.745,0,2327.7636,0,735.7028,0,236.8256,187.2108
7/15/21,0.000648,0,0,635.0885,0,1845.3648,0,456.9082,0,135.0965,106.7752
7/16/21,0.000755,0,0,651.665,0,2246.1012,0,524.5254,0,154.077,121.8126
7/17/21,0.000913,0,0,821.3,0,2679.28,0,680.96,0,160.9993,127.2866
7/18/21,0.000807,0,0,634.25,0,2366.84,0,662.34,0,177.1088,140.0056
7/19/21,0.000619,0,0,578.35,0,1769.78,0,473.48,0,123.453,97.566
7/20/21,0.001243,0,0,928.8,0,3772.82,0,1056.02,0,184.2544,145.6728
7/21/21,0.001349,0,0,1183.145,0,3842.8836,0,1177.2628,0,245.7895,194.2948
7/22/21,0.001856,0,0,1722.365,0,5334.1212,0,1391.6854,0,370.5504,292.9234
7/23/21,0.00161,0,0,1449.9385,0,4627.3648,0,1244.2682,0,333.674,263.7502
7/24/21,0.001684,0,0,1378.58,0,4943.7424,0,1373.5974,0,327.8363,259.1456
7/25/21,0.001378,0,0,972.015,0,4197.7812,0,1157.6054,0,250.7021,198.1588
7/26/21,0.001497,0,0,1025.55,0,4688.74,0,1210.3,0,221.8326,175.3612
7/27/21,0.001196,0,0,989,0,3672.24,0,840.56,0,180.6816,142.8392
7/28/21,0.001304,0,0,1092.415,0,3893.9012,0,987.3654,0,231.0198,182.6062
7/29/21,0.001784,0,0,1454.4535,0,5319.826,0,1345.8802,0,358.9388,283.7464
7/30/21,0.001547,0,0,1240.98,0,4761.8424,0,1059.7174,0,275.9669,218.155
7/31/21,0.001782,0,0,1383.2885,0,5476.9448,0,1321.4082,0,294.3094,232.645
8/1/21,0.001639,0,0,1193.25,0,5029,0,1327.34,0,266.5564,210.7168
8/2/21,0.001444,0,0,997.6,0,4504.7,0,1135.82,0,241.5149,190.9138
8/3/21,0.001146,0,0,873.115,0,3658.5012,0,753.2854,0,152.2906,120.3958
8/4/21,0.001452,0,0,1078.01,0,4506.947,0,1077.6458,0,243.7479,192.6848
8/5/21,0.001452,0,0,1078.01,0,4506.947,0,1077.6458,0,243.7479,192.6848
8/6/21,0.001452,0,0,1078.01,0,4506.947,0,1077.6458,0,243.7479,192.6848
8/7/21,0.001452,0,0,1078.01,0,4506.947,0,1077.6458,0,243.7479,192.6848
8/8/21,0.001452,0,0,1078.01,0,4506.947,0,1077.6458,0,243.7479,192.6848
8/9/21,0.001452,0,0,1078.01,0,4506.947,0,1077.6458,0,243.7479,192.6848
8/10/21,0.002421,0,0,1862.33,0,7640.1424,0,1639.5974,0,352.9097,278.9486
8/11/21,0.00155,0,0,1441.3385,0,4492.5448,0,1119.2482,0,305.0597,241.1136
8/12/21,0.002463,0,0,2164.061,0,7539.6266,0,1594.8296,0,379.6419,300.0718
8/13/21,0.002463,0,0,2164.061,0,7539.6266,0,1594.8296,0,379.6419,300.0718
8/14/21,0.002142,0,0,1646.3625,0,6680.973,0,1456.2968,0,372.6877,294.5978
8/15/21,0.002142,0,0,1646.3625,0,6680.973,0,1456.2968,0,372.6877,294.5978
8/16/21,0.000846,0,0,750.35,0,2619.36,0,532,0,109.1299,86.2638
8/17/21,0.001414,0,0,1188.7135,0,4308.2908,0,1012.7684,0,214.9422,169.9194
8/18/21,0.002268,0,0,1996.8985,0,6774.4696,0,1584.163,0,407.9372,322.4508
8/19/21,0.001647,0,0,1263.9635,0,5198.5308,0,983.5084,0,331.2496,261.8182
8/20/21,0.001474,0,0,931.681,0,4675.7502,0,1055.0624,0,323.9764,256.0866
8/21/21,0.001474,0,0,931.681,0,4675.7502,0,1055.0624,0,323.9764,256.0866
8/22/21,0.001336,0,0,1135.415,0,4131.4412,0,838.4054,0,220.2695,174.1054
8/23/21,0.000757,0,0,611.03,0,2365.0424,0,551.6574,0,80.9622,64.0136
8/24/21,0.001438,0,0,972.23,0,4650.5624,0,1025.1374,0,191.8785,151.662
8/25/21,0.002438,0,0,1516.395,0,7883.2036,0,1725.2228,0,444.367,351.2376
8/26/21,0.001802,0,0,931.595,0,5730.3636,0,1565.6228,0,371.0289,293.2776
8/27/21,0.001087,0,0,764.3035,0,3458.026,0,699.5002,0,219.4082,173.4292
8/28/21,0.000937,0,0,652.439,0,2937.7278,0,712.6672,0,157.1394,124.2276
8/29/21,0.000937,0,0,652.439,0,2937.7278,0,712.6672,0,157.1394,124.2276
8/30/21,0.000937,0,0,652.439,0,2937.7278,0,712.6672,0,157.1394,124.2276
8/31/21,0.000708,0,0,499.23,0,2189.5624,0,535.6974,0,141.7955,112.0882
9/1/21,0.000942,0,0,400.115,0,3164.1612,0,657.5254,0,234.5926,185.4398
9/2/21,0.001033,0,0,513.85,0,3468.94,0,712.88,0,198.5775,156.975
9/3/21,0.00089,0,0,469.345,0,2909.8436,0,613.3428,0,215.3569,170.2414
9/4/21,0.000951,0,0,514.28,0,2964.2424,0,780.4174,0,258.071,203.987
9/5/21,0.000775,0,0,509.98,0,2354.3424,0,658.0574,0,170.4098,134.6926
9/6/21,0.000462,0,0,346.365,0,1514.2212,0,274.4854,0,53.911,42.6006
9/7/21,0.000422,0,0,268.75,0,1388.86,0,300.58,0,48.2966,38.1892
9/8/21,0.000378,0,0,187.265,0,1293.8012,0,285.1254,0,37.8015,29.8816
9/9/21,0.000651,0,0,371.95,0,2058.68,0,516.04,0,148.4945,117.369
9/10/21,0.000838,0,0,397.75,0,2794.84,0,542.64,0,220.0462,173.9444
9/11/21,0.00084,0,0,349.5685,0,2633.2272,0,697.3456,0,298.3607,235.8328
9/12/21,0.000709,0,0,409.5535,0,2293.866,0,539.9002,0,128.1742,101.3012
9/13/21,0.000376,0,0,234.565,0,1248.8612,0,263.8454,0,41.3743,32.7152
9/14/21,0.000676,0,0,393.45,0,2103.62,0,481.46,0,211.1142,166.8604
9/15/21,0.000669,0,0,294.98,0,2166.0224,0,554.3174,0,166.837,131.8912
9/16/21,0.000682,0,0,325.252,0,2252.4356,0,466.8566,0,176.5027,139.5226
9/17/21,0.002618,0,0,1146.38,0,8410.5424,0,2062.5374,0,784.0382,619.7534
9/18/21,0.001842,0,0,744.33,0,6232.0224,0,1392.2174,0,381.524,301.5852
9/19/21,0.00111,0,0,600.495,0,3393.4836,0,908.6028,0,356.7058,281.9432
9/20/21,0.000349,0,0,200.2725,0,1132.8518,0,244.1614,0,74.5822,58.9582
9/21/21,0.000349,0,0,200.2725,0,1132.8518,0,244.1614,0,74.5822,58.9582
9/22/21,0.000742,0,0,327.445,0,2287.1036,0,639.9428,0,263.6854,208.4306
9/23/21,0.000692,0,0,234.565,0,2365.9412,0,511.2254,0,166.6137,131.698
9/24/21,0,0,0,0,0,0,0,0,0,0,0
9/25/21,0.000713,0,0,243.7885,0,2365.3848,0,507.4482,0,246.0128,194.4558
9/26/21,0,0,0,0,0,0,0,0,0,0,0
9/27/21,0,0,0,0,0,0,0,0,0,0,0
9/28/21,0.001339,0,0,694.6435,0,4120.3132,0,976.5658,0,515.9825,407.8452
9/29/21,0.001038,0,0,423.55,2.79,3222.84,2.32,779.38,0,452.6291,357.7742
9/30/21,0.000416,0,0,163.615,5.58,1208.2012,4.64,317.0454,0,245.311,193.9084
10/1/21,0.000422,0,0,174.365,8.37,1229.6012,6.96,412.8054,0,175.5457,138.782
10/2/21,0.00074,0,0,255.1835,11.16,2210.7484,9.28,599.431,0,391.6044,309.5386
10/3/21,0.000687,0,0,312.8035,13.95,2079.866,11.6,531.9202,0,289.1735,228.5878
10/4/21,0.000275,0,0,115.4335,16.74,866.8284,13.92,213.731,0,80.3242,63.4984
10/5/21,0.000567,0,0,201.885,19.53,1710.7588,16.24,486.2746,0,250.2236,197.8046
10/6/21,0,0,0,0,22.32,0,18.56,0,0,0,0
10/7/21,0.001064,0,0,321.8335,25.11,3242.2284,20.88,969.171,0,466.7608,368.9476
10/8/21,0.000456,0,0,170.495,27.9,1362.6236,23.2,331.3828,0,229.68,181.5436
10/9/21,0.000869,0,0,288.0785,30.69,2762.312,25.52,773.8738,0,261.7076,206.8528
10/10/21,0.000481,0,0,237.5535,33.48,1352.266,27.84,425.5202,0,208.6579,164.9606
10/11/21,0.000127,0,0,28.38,36.27,381.2624,30.16,110.0974,0,29.0928,22.9908
10/12/21,0.000255,0,0,90.945,39.06,759.1436,32.48,222.3228,0,79.3991,62.7578
10/13/21,0.000574,0,0,319.2535,41.85,1589.806,34.8,484.0402,0,253.3817,200.284
10/14/21,0.000311,0,0,101.953,44.64,868.2408,37.12,268.4206,0,157.3627,124.3886
10/15/21,0.000456,0,0,170.28,47.43,1408.4624,39.44,275.0174,0,202.6288,160.1628
10/16/21,0.000488,0,0,119.3035,50.22,1444.286,41.76,377.6402,0,267.7048,211.6184
10/17/21,0.000243,0,0,78.4535,53.01,763.766,44.08,130.2602,0,81.664,64.5288
10/18/21,0.000215,0,0,78.8835,55.8,565.0884,46.4,232.351,0,69.5739,54.9976
10/19/21,0.000292,0,0,92.88,58.59,802.8424,48.72,243.0974,0,145.3683,114.9218
10/20/21,0.000549,0,0,171.7635,61.38,1635.4308,51.04,499.3884,0,206.0102,162.8354
10/21/21,0.000748,0,0,198.23,64.17,2219.5224,53.36,650.0774,0,360.0553,284.6158
10/22/21,0.000344,0,0,63.6185,66.96,848.4672,55.68,420.7056,0,201.7356,159.4544
10/23/21,0.000412,0,0,122.3135,69.75,1151.7908,58,361.0684,0,202.4374,160.0018
10/24/21,0.000268,0,0,45.58,72.54,623.0824,60.32,264.3774,0,211.5608,167.2146
10/25/21,0.000214,0,0,15.48,75.33,496.8224,62.64,197.8774,0,170.4098,134.6926
10/26/21,0.000405,0,0,146.501,21.762,1264.9754,0,562.2442,0,0,0
10/27/21,0.000405,0,0,146.501,21.762,1264.9754,0,562.2442,0,0,0
10/28/21,0.000391,0,0,126.3555,18.7767,1306.7482,0,456.6156,0,0,0
10/29/21,0.000391,0,0,126.3555,18.7767,1306.7482,0,456.6156,0,0,0
10/30/21,0.000391,0,0,126.3555,18.7767,1306.7482,0,456.6156,0,0,0
10/31/21,0.000656,0,0,212.7425,31.6107,1954.9756,0,1057.3766,0,0,0
11/1/21,0.00043,0,0,126.7425,18.8325,1393.4824,0,571.6074,0,0,0
11/2/21,0.00043,0,0,126.7425,18.8325,1393.4824,0,571.6074,0,0,0
11/3/21,0.000319,0,0,791.0925,117.5148,453.145,0,184.1518,0,0,0
11/4/21,0.000447,0,0,270.083,40.1202,1343.92,0,534.66,0,0,0
11/5/21,0.000505,0,0,1184.8435,176.0211,812.1942,0,269.1388,0,0,0
11/6/21,0.000925,0,0,1605.405,238.4892,1886.4742,0,777.1988,0,0,0
11/7/21,0.00114,0,0,3389.8835,503.5671,1101.0942,0,535.1388,0,0,0
11/8/21,0.000668,0,0,2190.291,325.3698,518.0084,0,189.791,0,0,0
11/9/21,0.001878,0,0,5820.609,864.6768,1758.0742,0,622.9188,0,0,0
11/10/21,0.001942,0,0,6455.461,958.9788,1456.698,0,487.3918,0,0,0
11/11/21,0.001736,0,0,5686.5995,844.7562,1335.5954,0,512.582,0,0,0
11/12/21,0.001191,0,0,4055.33,602.4447,786.985,0,299.3032,0,0,0
11/13/21,0.001191,0,0,4055.33,602.4447,786.985,0,299.3032,0,0,0
11/14/21,0.001191,0,0,4055.33,602.4447,786.985,0,299.3032,0,0,0
11/15/21,0.001191,0,0,4055.33,602.4447,786.985,0,299.3032,0,0,0
11/16/21,0.001191,0,0,4055.33,602.4447,786.985,0,299.3032,0,0,0
11/17/21,0.002798,0,0,9212.75,1368.6066,2293.1812,0,583.9498,0,0,0
11/18/21,0.001699,0,0,4641.549,689.5206,2033,0,869.82,0,0,0
11/19/21,0.001753,0,0,5170.836,768.1428,1793.4484,0,751.051,0,0,0
11/20/21,0.001331,0,0,3772.5405,560.4273,1529.2012,0,575.9698,0,0,0
11/21/21,0.000752,0,0,2434.9395,361.7235,583.2142,0,255.8388,0,0,0
11/22/21,0.001028,0,0,3052.957,453.5424,1049.8412,0,413.7098,0,0,0
11/23/21,0.001445,0,0,4340.592,644.8248,1463.76,0,532,0,0,0
11/24/21,0.000637,0,0,1435.1035,213.1839,848.9808,0,410.9966,0,0,0
11/25/21,0.000637,0,0,1435.1035,213.1839,848.9808,0,410.9966,0,0,0
11/26/21,0.000637,0,0,1435.1035,213.1839,848.9808,0,410.9966,0,0,0
11/27/21,0.000637,0,0,1435.1035,213.1839,848.9808,0,410.9966,0,0,0
11/28/21,0.000637,0,0,1435.1035,213.1839,848.9808,0,410.9966,0,0,0
11/29/21,0.000523,0,0,1289.0325,191.4777,681.6542,0,234.5588,0,0,0
11/30/21,0.000875,0,0,1686.03,250.4583,1425.6252,0,573.7088,0,0,0
12/1/21,0.000875,0,0,1686.03,250.4583,1425.6252,0,573.7088,0,0,0
12/2/21,0.000875,0,0,1686.03,250.4583,1425.6252,0,573.7088,0,0,0
12/3/21,0.000875,0,0,1686.03,250.4583,1425.6252,0,573.7088,0,0,0
12/4/21,0.000875,0,0,1686.03,250.4583,1425.6252,0,573.7088,0,0,0
12/5/21,0.000875,0,0,1686.03,250.4583,1425.6252,0,573.7088,0,0,0
12/6/21,0.000875,0,0,1686.03,250.4583,1425.6252,0,573.7088,0,0,0
12/7/21,0.000495,0,0,676.347,100.4679,1075.9064,0,381.9494,0,0,0
12/8/21,0.000495,0,0,676.347,100.4679,1075.9064,0,381.9494,0,0,0
12/9/21,0.001587,0,0,2656.798,394.6734,3011.0442,0,1043.1988,0,0,0
12/10/21,0.001587,0,0,2656.798,394.6734,3011.0442,0,1043.1988,0,0,0
12/11/21,0.000466,0,0,680.045,101.0259,973.4004,0,347.1566,0,0,0
12/12/21,0.000466,0,0,680.045,101.0259,973.4004,0,347.1566,0,0,0
12/13/21,0.000466,0,0,680.045,101.0259,973.4004,0,347.1566,0,0,0
12/14/21,0.00071,0,0,1373.549,204.0606,1245.48,0,361.76,0,0,0
12/15/21,0.001175,0,0,1747.1975,259.5537,2388.8392,0,864.3138,0,0,0
12/16/21,0.001175,0,0,1747.1975,259.5537,2388.8392,0,864.3138,0,0,0
12/17/21,0.001175,0,0,1747.1975,259.5537,2388.8392,0,864.3138,0,0,0
12/18/21,0.001175,0,0,1747.1975,259.5537,2388.8392,0,864.3138,0,0,0
12/19/21,0.000452,0,0,703.8025,104.5413,880.5458,0,345.3212,0,0,0
12/20/21,0.000578,0,0,820.5905,121.8951,1189.9684,0,413.231,0,0,0
12/21/21,0.00133,0,0,1777.448,264.0456,3118.1084,0,854.791,0,0,0
12/22/21,0.001644,0,0,2574.883,382.509,3338.6354,0,1164.282,0,0,0
12/23/21,0.000491,0,0,665.726,98.9055,1028.2914,0,413.8694,0,0,0
12/24/21,0.000491,0,0,665.726,98.9055,1028.2914,0,413.8694,0,0,0
12/25/21,0.000491,0,0,665.726,98.9055,1028.2914,0,413.8694,0,0,0
12/26/21,0.000491,0,0,665.726,98.9055,1028.2914,0,413.8694,0,0,0
12/27/21,0.000519,0,0,673.2725,100.0215,1080.7,0,484.12,0,0,0
12/28/21,0.000412,0,0,587.122,87.2154,860.4084,0,327.4194,0,0,0
12/29/21,0.000412,0,0,587.122,87.2154,860.4084,0,327.4194,0,0,0
12/30/21,0.000412,0,0,587.122,87.2154,860.4084,0,327.4194,0,0,0
12/31/21,0.000412,0,0,587.122,87.2154,860.4084,0,327.4194,0,0,0
1/1/22,0.000412,0,0,587.122,87.2154,860.4084,0,327.4194,0,0,0
1/2/22,0.002444,0,0,1008.5435,149.823,6577.3328,2.32,2726.8458,0,0,0
1/3/22,0.000563,0,0,232.157,34.4844,1510.2408,4.64,627.6802,0,0,0
1/4/22,0.000814,0,0,335.7655,49.8852,2184.0412,6.96,907.8314,0,0,0
1/5/22,0.000814,0,0,335.7655,49.8852,2181.9012,9.28,907.8314,0,0,0
1/6/22,0.000957,0,0,394.654,58.6179,2563.9768,11.6,1067.0856,0,0,0
1/7/22,0.001025,0,0,423.0125,62.8308,2746.8184,13.92,1143.7202,0,0,0
1/8/22,0.000681,0,0,280.962,41.7384,1817.9728,16.24,759.6694,0,0,0
1/9/22,0.000681,0,0,280.962,41.7384,1815.8328,18.56,759.6694,0,0,0
1/10/22,0.000605,0,0,249.658,37.0791,1609.4726,20.88,675.0282,0,0,0
1/11/22,0.00104,0,0,429.2905,63.7794,2779.218,23.2,1160.7176,0,0,0
1/12/22,0.001031,0,0,425.485,63.2214,2752.254,25.52,1150.4234,0,0,0
1/13/22,0.000662,0,0,273.2005,40.5945,1756.6832,27.84,738.682,0,0,0
1/14/22,0.000662,0,0,273.2005,40.5945,1754.5432,30.16,738.682,0,0,0
1/15/22,0.000662,0,0,273.2005,40.5945,1752.4032,32.48,738.682,0,0,0
1/16/22,0.000662,0,0,273.2005,40.5945,1750.2632,34.8,738.682,0,0,0
1/17/22,0.001105,0,0,456.1225,67.7691,2941.43,37.12,1233.2558,0,0,0
1/18/22,0.000853,0,0,352.041,52.2846,2260.2252,39.44,951.8278,0,0,0
1/19/22,0.000711,0,0,293.2385,43.5519,1874.4902,41.76,792.8396,0,0,0
1/20/22,0.000725,0,0,299.1295,44.4447,1910.8274,44.08,808.7996,0,0,0
1/21/22,0.000712,0,0,293.7115,43.6356,1873.3132,46.4,794.143,0,0,0
1/22/22,0.000712,0,0,293.7115,43.6356,1871.1732,48.72,794.143,0,0,0
1/23/22,0.000375,0,0,154.714,22.9896,962.1868,51.04,418.285,0,0,0
1/24/22,0.000428,0,0,176.5795,26.226,1102.8062,53.36,477.4434,0,0,0
1/25/22,0.00066,0,0,272.491,40.4829,1726.338,55.68,736.7668,0,0,0
1/26/22,0.000596,0,0,245.8525,36.5211,1550.4086,58,664.734,0,0,0
1/27/22,0,0,0,0,0,0,0,0,0,0,0
1/28/22,0.000523,0,0,215.7955,32.0571,1407.7562,0,583.4444,0,0,0
1/29/22,0.00061,0,0,251.765,37.386,1642.3858,0,680.694,0,0,0
1/30/22,0.000379,0,0,156.4125,23.2407,1020.4376,0,422.9134,0,0,0
1/31/22,0.000604,0,0,249.271,37.0233,1626.2502,0,673.9908,0,0,0
2/1/22,0.000462,0,0,190.49,28.2906,1242.6552,0,515.0026,0,0,0
2/2/22,0.000483,0,0,199.2405,29.6019,1299.7504,0,538.6766,0,0,0
2/3/22,0.000493,0,0,203.2395,30.1878,1325.837,0,549.4762,0,0,0
2/4/22,0.000334,0,0,137.9655,20.5065,900.0198,0,373.0118,0,0,0
2/5/22,0.00025,0,0,103.1355,15.3171,672.8374,0,278.8478,0,0,0
2/6/22,0.00025,0,0,103.1355,15.3171,672.8374,0,278.8478,0,0,0
2/7/22,0.000227,0,0,93.8045,13.95,612.0186,0,253.6576,0,0,0
2/8/22,0.000362,0,0,149.1885,22.1526,973.272,0,403.3624,0,0,0
2/9/22,0.000337,0,0,138.9115,20.646,906.2258,0,375.592,0,0,0
2/10/22,0.000336,0,0,138.718,20.6181,904.9846,0,375.06,0,0,0
2/11/22,0.00033,0,0,136.052,20.1996,887.6078,0,367.878,0,0,0
2/12/22,0.000338,0,0,139.492,20.7297,909.9494,0,377.1348,0,0,0
2/13/22,0.000283,0,0,116.831,17.3538,762.2252,0,315.9016,0,0,0
2/14/22,0.000215,0,0,88.8595,13.1967,579.7474,0,240.2778,0,0,0
2/15/22,0.000275,0,0,113.606,16.8795,741.1248,0,307.1502,0,0,0
2/16/22,0.000315,0,0,129.9675,19.3068,847.8894,0,351.4126,0,0,0
2/17/22,0.000293,0,0,121.0235,17.9676,789.5316,0,327.2332,0,0,0
2/18/22,0.000249,0,0,102.7485,15.2613,670.355,0,277.837,0,0,0
2/19/22,0.000266,0,0,109.736,16.2936,715.8728,0,296.6964,0,0,0
2/20/22,0.000266,0,0,109.736,16.2936,715.8728,0,296.6964,0,0,0
2/21/22,0.000266,0,0,109.736,16.2936,715.8728,0,296.6964,0,0,0
2/22/22,0.000229,0,0,94.5785,14.0616,616.9834,0,255.7058,0,0,0
2/23/22,0.000435,0,0,179.439,26.6445,1170.6442,0,485.184,0,0,0
2/24/22,0,0,0,0,0,0,0,0,0,0,0
2/25/22,0.000409,0,0,168.7965,25.0821,1101.137,0,456.3496,0,0,0
2/26/22,0.000181,0,0,74.5835,11.0763,486.636,0,201.6812,0,0,0
2/27/22,0.00019,0,0,78.217,11.6064,510.2188,0,211.47,0,0,0
2/28/22,0.000119,0,0,49.0845,7.2819,320.2938,0,132.734,0,0,0
3/1/22,0.000175,0,0,72.3045,10.7415,471.7416,0,195.51,0,0,0
3/2/22,0.000189,0,0,77.916,11.5785,508.357,0,210.6986,0,0,0
3/3/22,0.000189,0,0,77.916,11.5785,508.357,0,210.6986,0,0,0
3/4/22,0.000161,0,0,66.4135,9.8766,433.243,0,179.55,0,0,0
3/5/22,0.000158,0,0,65.0805,9.6813,424.5546,0,175.959,0,0,0
3/6/22,0.000214,0,0,88.494,13.1409,577.265,0,239.2404,0,0,0
3/7/22,0.000093,0,0,38.442,5.7195,250.7652,0,103.9262,0,0,0
3/8/22,0.000184,0,0,75.7445,11.2437,494.0832,0,204.7668,0,0,0
3/9/22,0.000189,0,0,78.0235,11.5785,508.9776,0,210.938,0,0,0
3/10/22,0.000172,0,0,71.165,10.5741,464.2944,0,192.4244,0,0,0
3/11/22,0.000171,0,0,70.606,10.4904,460.5708,0,190.8816,0,0,0
3/12/22,0.000203,0,0,83.9145,12.4713,547.4548,0,226.898,0,0,0
3/13/22,0.000116,0,0,47.945,7.1145,312.8252,0,129.6484,0,0,0
3/14/22,0.000073,0,0,30.2505,4.4919,197.3936,0,81.795,0,0,0
3/15/22,0.000151,0,0,62.221,9.2349,405.9366,0,168.245,0,0,0
3/16/22,0.00015,0,0,62.0275,9.207,404.6954,0,167.7396,0,0,0
3/17/22,0.000224,0,0,92.4715,13.7268,603.3302,0,250.04,0,0,0
3/18/22,0.000224,0,0,92.4715,13.7268,603.3302,0,250.04,0,0,0
3/19/22,0.000136,0,0,56.1365,8.3421,366.2182,0,151.7796,0,0,0
3/20/22,0.000141,0,0,58.0285,8.6211,378.6302,0,156.9134,0,0,0
3/21/22,0.000046,0,0,18.834,2.79,122.9002,0,50.939,0,0,0
3/22/22,0.000129,0,0,53.277,7.9236,347.6002,0,144.0656,0,0,0
3/23/22,0.00016,0,0,65.833,9.7929,429.5194,0,178.0072,0,0,0
3/24/22,0.00015,0,0,62.0275,9.207,404.6954,0,167.7396,0,0,0
3/25/22,0.000159,0,0,65.4675,9.7371,427.037,0,176.9964,0,0,0
3/26/22,0.000108,0,0,44.5265,6.6123,290.4836,0,120.3916,0,0,0
3/27/22,0.000137,0,0,56.5235,8.3979,368.7006,0,152.817,0,0,0
3/28/22,0.000086,0,0,35.5825,5.2731,232.1472,0,96.2122,0,0,0
3/29/22,0.000102,0,0,42.054,6.2496,274.348,0,113.715,0,0,0